node0,node1,node2,node3,node4,node5,node6,node7,node8,last_modified,size,comment
C,Users,Muzudho,OneDrive,Documents,GitHub,,,,2024/10/18 12:31,,
,,,,,Tools,Shogidokoro,Engine,Lesserkai.exe,2022/03/07 21:03,266 KB,
,,,,,,,,Lesserkai_ja.txt,2012/12/05 22:37,1 KB,
,,,,,,,,public.bin,2002/05/11 22:12,"5,213 KB",
,,,,,,,ja,Shogidokoro.resources.dll,2024/05/11 20:43,257 KB,
,,,,,,,Engine.xml,,2024/09/13 20:20,4 KB,
,,,,,,,GameResult.xml,,2024/09/13 20:20,"2,357 KB",
,,,,,,,Shogidokoro.exe,,2024/05/11 20:43,"4,902 KB",version 5.4.1
,,,,,,,Shogidokoro.xml,,2024/09/13 20:20,8 KB,
,,,,,,,お読みください.txt,,2024/05/11 15:24,49 KB,
,,,,,,Shogidokoro.zip,,,2024/04/27 20:23,3.104 KB,
,,,,,Visual Studio 2022,,,,2024/07/22 13:47,,
,,,,,Default.rdp,,,,2023/09/23 14:05,,
