no,node0,node1,node2,node3,node4,node5,node6,node7,node8,last_modified,size,comment
1,C,Users,Muzudho,OneDrive,Documents,GitHub,,,,2024/10/18 12:31,,
2,C,Users,Muzudho,OneDrive,Documents,Tools,Shogidokoro,Engine,Lesserkai.exe,2022/03/07 21:03,266 KB,
3,C,Users,Muzudho,OneDrive,Documents,Tools,Shogidokoro,Engine,Lesserkai_ja.txt,2012/12/05 22:37,1 KB,
4,C,Users,Muzudho,OneDrive,Documents,Tools,Shogidokoro,Engine,public.bin,2002/05/11 22:12,"5,213 KB",
5,C,Users,Muzudho,OneDrive,Documents,Tools,Shogidokoro,ja,Shogidokoro.resources.dll,2024/05/11 20:43,257 KB,
6,C,Users,Muzudho,OneDrive,Documents,Tools,Shogidokoro,Engine.xml,,2024/09/13 20:20,4 KB,
7,C,Users,Muzudho,OneDrive,Documents,Tools,Shogidokoro,GameResult.xml,,2024/09/13 20:20,"2,357 KB",
8,C,Users,Muzudho,OneDrive,Documents,Tools,Shogidokoro,Shogidokoro.exe,,2024/05/11 20:43,"4,902 KB",version 5.4.1
9,C,Users,Muzudho,OneDrive,Documents,Tools,Shogidokoro,Shogidokoro.xml,,2024/09/13 20:20,8 KB,
10,C,Users,Muzudho,OneDrive,Documents,Tools,Shogidokoro,お読みください.txt,,2024/05/11 15:24,49 KB,
11,C,Users,Muzudho,OneDrive,Documents,Tools,Shogidokoro.zip,,,2024/04/27 20:23,3.104 KB,
12,C,Users,Muzudho,OneDrive,Documents,Visual Studio 2022,,,,2024/07/22 13:47,,
13,C,Users,Muzudho,OneDrive,Documents,Default.rdp,,,,2023/09/23 14:05,,
